id,urdu,english,roman_1,roman_2,roman_3,natural_ok,fixed_roman_1,fixed_roman_2,fixed_roman_3,notes
q242,خدیجہ آدمو کے خلاف بوائے فرینڈ کے حملے کے بعد ملک میں کون سا ہیش ٹیگ مقبول ہوا؟,Which hashtag gained popularity in the country after the attack on Khadijah Adamu by her boyfriend?,Khadijah Adamu ke khilaf boyfriend ke hamlay ke baad mulk mein kaun sa hashtag maqbool hua?,Khadeeja Adamu ke khilaf boyfrand ke hamlay ke baad mulk mein kon sa hashtag maqbool hua?,Khadija Adamoo ke khilaaf boyfrend ke hamlay ke baad mulk mein kon sa hashtag maqbool hua?,yes,,,,
q137,کس اطالوی کوہ پیماؤں نے 31 جولائی 1954ء کو کے ٹو کو پہلی بار سر کیا؟,"Which Italian climbers first scaled K2 on July 31, 1954?",Kis Ataliyi Koh Pemaon ne 31 July 1954 ko K2 ko pehli baar sar kiya?,Kis Italian Koh Pemaon nay 31 July 1954 ko K2 ko pehli bar sar kiya?,Kis Ataliy Ko Pemaon ne 31 July 1954 ko K2 ko pehli baar sar kiya?,no,,Kis Ataliyi Koh Pemaon nay 31 July 1954 ko K2 ko pehli bar sar kiya?,Kis Ataliyi Koh Pemaon ne 31 July 1954 ko K2 ko pehli baar sar kiya?,"AI review (not a native speaker): DRIFT/SPELL: variant 2 uses Italian for Ataliyi, variant 3 Ataliy Ko Pemaon"
q270,تندوری کھانوں کی خاصیت کس خطے کی روایت کا تسلسل ہے؟,The specialty of tandoori cuisine is a continuation of the culinary tradition of which region?,Tandoori khanon ki khasiyat kis khetay ki rawayat ka tasalsul hai?,Tandoori khanon ki khasiat kis khetay ki rivayat ka tasalsul hai?,Tandoori khanon ki khasiyat kis ihtay ki riwayat ka tasalsul hai?,no,Tandoori khanon ki khasiyat kis khitte ki rawayat ka tasalsul hai?,,Tandoori khanon ki khasiyat kis khittay ki riwayat ka tasalsul hai?,AI review (not a native speaker): SPELL: khetay / ihtay for khitte (fixed)
q179,یوسفزئی کی موروثی اراضی کو کیا کہا جاتا تھا؟,What was the hereditary land of the Yousafzai called?,Yousafzai ki morosi arazi ko kya kaha jata tha?,Yousufzai ki moroosi arazi ko kia kaha jata tha?,Yusufzai ki morosi aaraazi ko kyaa kaha jata tha?,yes,,,,
q073,علامہ سید ساجد علی نقوی نے شہید قائد علامہ سید عارف حسین الحسینی کی شہادت کے بعد تحریک جعفریہ کو کیسے منظم کیا؟,How did Allama Syed Sajid Ali Naqvi organize Tehreek-e-Jafaria after the martyrdom of Shaheed Allama Syed Arif Hussain Al-Husseini?,Allama Syed Sajid Ali Naqvi ne Shaheed Allama Syed Arif Hussain Al-Husseini ki shahadat ke baad Tehreek-e-Jafaria ko kaisay munazzam kia?,Allama Syed Sajid Ali Naqvi nay Shaheed Allama Syed Arif Hussain Al-Husseini ki shahadat kay baad Tehreek-e-Jafaria ko kesay munazzam kya?,Allama Syed Sajid Ali Naqvi ne Shaheed Allama Syed Arif Hussain Al-Husseini ki shahadat ke baad Tehreek-e-Jafaria ko kaise munazzam kiya?,yes,,,,
q195,سری لنکا کے مرکزی بینک نے 2005 میں کون سی نئی سکوں کی سیریز جاری کی تھی؟,Which new coin series did the Central Bank of Sri Lanka issue in 2005?,Sri Lanka ke markazi bank ne 2005 mein kon si nayi sikon ki series jari ki thi?,Sri Lanka kay markazi bank nay 2005 main kon si nayi sikon ki series jari ki thi?,Sri Lanka k markazi bank ne 2005 me kon si nayi sikon ki series jaari ki thi?,yes,,,,
q005,براڈ پیک کو سردیوں میں سر کرنے والی پہلی پولش ٹیم میں کون مشہور کوہ پیما شامل تھے؟,Which famous mountaineer was part of the first Polish team to summit Broad Peak in winter?,Broad Peak ko sardiyon mein sar karne wali pehli Polish team mein kaun mashhoor koh pehma shamil the?,Brad Peak ko sardiyon mein sr karne waali pehli Polish team mein kon mashhoor koh payma shamil thay?,Broad Peak ko sardiyon mein sar karne wali pehli Polish team mein kon mashhoor koh pehma shamil thy?,no,,Broad Peak ko sardiyon mein sar karne waali pehli Polish team mein kon mashhoor koh payma shamil thay?,Broad Peak ko sardiyon mein sar karne wali pehli Polish team mein kon mashhoor koh pehma shamil thay?,"AI review (not a native speaker): SPELL: variant 2 Brad Peak changes the name, sr for sar"
q191,دریائے سوات کا آغاز کہاں ہوتا ہے؟,Where does the Swat River originate?,Darya-e-Swat ka aghaz kahan hota hai?,Darya-e-Swat ka aaghaz kahan hota hai?,Darya-e-Swat ka aghaaz kahan hota he?,yes,,,,
q247,"کون سے پاکستانی رہنما کے دور میں معیشت کو ""اسلامی"" بنایا گیا تھا؟","During whose leadership was the Pakistani economy made ""Islamic""?","Kaun se Pakistani rehnuma ke dor mein maeeshat ko ""Islami"" banaya gaya tha?","Kon se Pakistani rehnuma ke dour mein maeeshat ko ""Islami"" banaya gaya tha?","Kaun say Pakistani rehnuma ke dor mein maeeshat ko ""Islami"" banaya gaya tha?",yes,,,,
q140,مہرجہرہ کی تہذیب کب تک جاری رہی؟,How long did the Mehrgarh civilization last?,Mehrjherah ki tehzeeb kab tak jari rahi?,Mehrjherah ki tehzeeb kab tuk jaari rahi?,Mehrjhera ki tehzeeb kab tak jari rahi?,yes,,,,
q235,نظم کی کون سی خاصیت اسے دیگر شاعری کی اقسام سے منفرد بناتی ہے؟,What characteristic of a 'nazm' makes it unique from other types of poetry?,Nazm ki koon si khasiyat ise deegar shairi ki iqsaam se munfarid banati hai?,Nazm ki kon si khasiat isay deegar shayari ki iqsaam se munfarid banati hai?,Nazm ki kaun si khasiyat ise deegar shairi ki iqsaam se munfarid banati hai?,yes,,,,
q116,کوئٹہ ریلوے اسٹیشن پاکستان کے کتنے اونچے ریلوے اسٹیشنوں میں سے ایک ہے؟,How high is the Quetta Railway Station among Pakistan's railway stations?,Quetta Railway Station Pakistan ke kitne oonche Railway Stationon mein se ek hai?,Kuwaita Railway Station Pakistan kay kitnay oonche Railway Stationon mein se aik hai?,Kuweta Railway Station Pakistan ke kitne unche Railway Stationon mein se aik hai?,no,,Quetta Railway Station Pakistan kay kitnay oonche Railway Stationon mein se aik hai?,Quetta Railway Station Pakistan ke kitne unche Railway Stationon mein se aik hai?,AI review (not a native speaker): SPELL: Kuwaita / Kuweta for Quetta in variants 2 and 3 (fixed)
q285,تانڈہ ڈیم کے نہری پانی میں کون سا مسئلہ درپیش ہے؟,What issue is faced by the canal water of Tanda Dam?,Tanda Dam ke nahri pani mein kon sa masla darpaish hai?,Tanda Daam kay nahri paani mein kaun sa masla darpaish hai?,Tanda Dam ke nahri pani main kon sa masla darpaish hai?,yes,,,,
q000,کس ادارے میں بچوں کی صحت کے لیے ہمہ وقت ڈاکٹر موجود ہے؟,In which institution is a doctor available at all times for children's health?,Kis idaray mein bachon ki sehat ke liye hamesha doctor mojood hai?,Kis idaray mein bachon ki sehat kay liye hamesha doctor mojood hai?,Kis idaare mein bachon ki sehat ke liye hamesha doctor mojood hai?,yes,,,,
q074,خرم منظور نے کراچی اربن کے لیے ممبئی کے خلاف ون آف میچ میں سب سے زیادہ کتنے رنز بنائے تھے؟,How many runs did Khurram Manzoor score in the one-off match against Mumbai for Karachi Urban?,Khurram Manzoor ne Karachi Urban ke liye Mumbai ke khilaf One-Off Match mein sab se zyada kitne runs banaye the?,Khurram Manzoor ne Karachi Urban ke liye Mumbai kay khilaf One-Off Match mein sab se ziada kitne runs banaye thay?,Khurram Manzoor nay Karachi Urban k liye Mumbai ke khilaaf One-Off Match mein sab se zyada kitne runs banaye the?,yes,,,,
q225,صدر پاکستان کن حالات میں اسمبلی تحلیل کر سکتے ہیں؟,Under what circumstances can the President of Pakistan dissolve the assembly?,Sadr Pakistan kin halat mein assembly tehil karsakte hain?,Sadar Pakistan kin halat main assembly tehail karsakte hain?,Sadr Pakistan kin haalat mein assembly tehill karsakte hain?,no,Sadr Pakistan kin halat mein assembly tahleel kar sakte hain?,Sadar Pakistan kin halat main assembly tahleel kar sakte hain?,Sadr Pakistan kin haalat mein assembly tahleel kar sakte hain?,"AI review (not a native speaker): SPELL: tehil / tehail / tehill for tahleel, karsakte joined (fixed)"
q188,پاکستان کے صوبے سندھ کے ضلع تھرپارکر میں 1991 میں دنیا کے 16 ویں بڑے کوئلے کے ذخائر کی دریافت کس ادارے نے کی تھی؟,"Which organization discovered the world's 16th largest coal reserves in Tharparkar district of Sindh province, Pakistan, in 1991?",Pakistan ke soobay Sindh ke zila Tharparkar mein 1991 mein duniya ke 16 wein baray koyle ke zakhaer ki daryaft kis idaray ne ki thi?,Pakistan ke soobay Sindh ke zila Tharparkar mein 1991 mein duniya ke 16 wayn baray koyle ke zakhaer ki daryaft kis idaray ne ki thi?,Pakistan ke soobay Sindh ke zila Tharparkar mein 1991 mein dunya ke 16 wein barray koyle ke zakhaer ki daryaft kis idaray ne ki thi?,yes,,,,
q083,راولپنڈی میں برطانوی راج کے دور کی کونسی اہم خصوصیت موجود ہے؟,What is the significant feature of Rawalpindi during the British Raj era?,Rawalpindi mein Britaniya raaj ke dour ki konsi aham khususiyaat mojood hai?,Rawalpindi mein Bartaniya raj ke dor ki konsa aham khususiyaat mojood hai?,Rawalpindi main Bartania raaj ke daur ki kaunsi aham khususiyaat mojood hai?,yes,,,,
q173,ڈوڈو کی تین جہتی واٹر مارک کی خاصیت کیا ہے؟,What is the characteristic of the three-dimensional watermark of the Dodo?,Dodo ki teen jehti watermark ki khasiyat kya hai?,Dodo ki teen jehati watermark ki khasiyat kia hay?,Dodo ki teen jahati watermark ki khasiyat kya he?,yes,,,,
q107,تراوان کور کے سکوں پر کس بادشاہ کا اشارہ ملا ہے؟,Which king's emblem is found on the coins of Travancore?,Travancore ke sikon par kis badshah ka ishaara mila hai?,Travankor ke sikon par kis badshah ka ishara mila hai?,Travancore ke sikon par kis badshah ka ishara mila hai?,yes,,,,
q030,صدر ضیاء کے دور میں آٹھویں ترمیم کی منظوری کے پیچھے کیا محرکات تھے؟,What were the motivations behind the approval of the Eighth Amendment during Zia's era?,Sadr Zia ke daur mein aathwin tarmeem ki manzoori ke peechay kya maharikat the?,Sadr Zia ke daur mein aathvin tarmeem ki manzoori ke peechay kya maharikat thay?,Sadar Zia ke dour mein aathwin tarmeem ki manzoori ke peechay kia maharikat the?,yes,,,,
q295,پولینڈ میں 2002 میں زرعی ڈھانچے کو متاثر کرنے والے عوامل کون سے تھے؟,What were the factors affecting the agricultural structure in Poland in 2002?,Poland mein 2002 mein zarai dhanchay ko mutasir karnay walay awaamil kaun se thay?,Poland main 2002 main zaraai dhanchay ko mutasir karne walay awamil kaun se the?,Poland mein 2002 mein zarae dhanchay ko mutasir karne wale awamil kaun se thay?,yes,,,,
q102,کراچی اسٹاک ایکسچینج 100 انڈیکس کب سب سے زیادہ سطح پر پہنچا تھا؟,When did the Karachi Stock Exchange 100 index reach its highest level?,Karachi Stock Exchange 100 index kab sab se zyada satah par pohancha tha?,Karachi Stock Exchange 100 index kub sab se ziyada satah par pohancha tha?,Karachi Stock Exchange 100 index kab sab se zyada sathe par pohancha tha?,no,,Karachi Stock Exchange 100 index kab sab se ziyada satah par pohancha tha?,Karachi Stock Exchange 100 index kab sab se zyada satah par pohancha tha?,"AI review (not a native speaker): SPELL: kub for kab, sathe for satah (fixed)"
q038,زاہد حسین کو ترقیاتی بورڈ کا پہلا ڈپٹی چیئرمین کب بنایا گیا؟,When was Zahid Hussain appointed as the first Deputy Chairman of the Development Board?,Zahid Hussain ko taraqqiyati board ka pehla Deputy Chairman kab banaya gaya?,Zaahid Hussain ko taraqqiyati board ka pehla Deputy Chairman kab banaya gaya?,Zahid Hussain ko taraqiati board ka pehla Deputy Chairman kab banaya gya?,yes,,,,
q262,پی ایس ایل کے گیارھویں سیزن کا آغاز کس سال ہوگا؟,In which year will the 11th season of PSL start?,PSL ke gyarhwin season ka aghaz kis saal hoga?,PSL ke gyarhvin season ka aaghaz kis saal hoga?,PSL ke gyarhwan season ka aghaaz kis saal hoga?,yes,,,,
q172,1962 میں کیپولان ریائو کے سکے کس تاریخ پر جاری کیے گئے تھے؟,On what date were the coins of Kepulauan Riau issued in 1962?,1962 mein Kepulauan Riau ke sake kis tareekh par jaari kiye gaye the?,1962 main Kepulauan Riau kay sikay kis tareekh par jari kiye gaye the?,1962 may Kepulauan Riau k sikay kis tareekh par jaari kiye gaye thay?,yes,,,,
q207,گھنٹہ گھر فیصل آباد میں محرم کا سب سے بڑا جلوس کہاں منعقد ہوتا ہے؟,Where is the largest Muharram procession held in Faisalabad?,Ghanta Ghar Faisalabad mein Muharram ka sabse bara jaloos kahan mun'aqid hota hai?,Ghanta Ghar Faisalabad main Muharram ka sabse bara jaloos kahan mun'aqid hota hai?,Ghanta Ghar Faisalabad mein Muharram ka sabse bara jaloos kahaan mun'aqid hota hay?,yes,,,,
q044,عمران ریاض خان کو کب اور کہاں گرفتار کیا گیا تھا؟,When and where was Imran Riaz Khan arrested?,Imran Riaz Khan ko kab aur kahan giraftar kiya gaya tha?,Imran Riaz Khan ko kub aur kahan giraftar kia gaya tha?,Imran Riaz Khan ko kab aur kahaan giraftar kiya gaya tha?,yes,,,,
q009,شکیل قادری نے تحریک محمد سلیم قادری کے کس بیٹے کے ساتھ علاحدہ ہو کر سنی تحریک کا تسلسل جاری رکھا؟,With which son of Tehreek Muhammad Saleem Qadri did Shakeel Qadri separate to continue the Sunni Tehreek?,Shakeel Qadri ne Tehreek Muhammad Saleem Qadri ke kis betay ke sath alag ho kar Sunni Tehreek ka tasalsul jari rakha?,Shakeel Qadri nay Tehreek Muhammad Saleem Qadri ke kis betey ke sath alag ho kar Sunni Tehreek ka tasalsul jari rakha?,Shakeel Qadri ne Tehreek Muhammad Saleem Qadri ke kis betay ke saath alag ho kar Sunni Tahreek ka tasalsul jari rakha?,yes,,,,
q031,محمد علی جناح نے 3 جون 1947 کے اعلان کے دوران اپنے خطاب کا اختتام کس نعرے سے کیا؟,"With which slogan did Muhammad Ali Jinnah conclude his speech during the announcement on June 3, 1947?",Mohammad Ali Jinnah ne 3 June 1947 ke ailan ke doran apne khitab ka ikhtitam kis naare se kiya?,Mohammad Ali Jinnah ne 3 June 1947 kay ailan kay doran apne khitab ka ikhtitam kis nare se kiya?,Mohammad Ali Jinnah nay 3 June 1947 ke ailan ke doran apne khitab ka ikhtitam kis naarey se kiya?,yes,,,,
q260,وزیر خان نے کس سال میں مسجد کی بنیاد رکھی؟,In which year did Wazir Khan lay the foundation of the mosque?,Wazeer Khan ne kis saal mein masjid ki buniyaad rakhi?,Wazir Khan ne kis saal main masjid ki buniyad rakhi?,Wazir Khan ne kis saal mein masjid ki buniyaad rakhi?,yes,,,,
q114,کس سیاسی جماعت نے نواز شریف کی کابینہ میں شامل ہونے سے انکار کیا؟,Which political party refused to join Nawaz Sharif's cabinet?,Kis siyasi jamaat ne Nawaz Sharif ki cabinet main shamil hone se inkar kiya?,Kis siyasi jamat ne Nawaz Shareef ki cabinet mein shamil hone se inkaar kia?,Kis siasi jamaat nay Nawaz Sharif ki cabnet mein shaamil honay se inkar kiya?,yes,,,,
q046,1958ء کے مارشل لا کے بعد پہلا 23 مارچ کس نئے نام سے منایا گیا؟,What new name was given to the first March 23rd after the 1958 martial law?,1958 ke martial law ke baad pehla 23 March kis naye naam se manaya gaya?,1958 kay marshal law kay baad pehla 23 March kis naye naam say manaya gaya?,1958 ke marshall law ke baad pehla 23 March kis naye naam se manaya gaya?,yes,,,,
q216,سرائیکی نسلی لسانی گروہ پاکستان کے کون سے ثقافتی علاقے میں بنیادی طور پر پایا جاتا ہے؟,In which cultural region of Pakistan is the Saraiki ethnic linguistic group primarily found?,Siraiki nasli lisani giroh Pakistan ke kon se saqafati ilaqay mein buniyadi tor par paaya jata hai?,Saraiki nasli lisani groh Pakistan ke kon se saqafati ilaqay mein buniyadi tor par paya jata hai?,Seraiki nasli lisani giroh Pakistan ke kon se saqafati ilaqay mein buniyadi tor par paaya jata hai?,yes,,,,
q227,فیصل آباد میں سرکاری ہسپتالوں کی صورت حال میں حالیہ سالوں میں کیسا بہتری آئی ہے؟,How has the situation of government hospitals in Faisalabad improved in recent years?,Faisalabad mein sarkari haspatalon ki soorat e haal mein haaliya saalon mein kaisa behtari aayi hai?,Faisalabad main sarkari hospitalon ki surat e haal mein haliya salon mein kaisa behtari ayi hai?,Faisalabad mein serkari hospitalon ki soorat e haal main haliya saalon mein kaisa behtari aai hai?,no,,,,AI review (not a native speaker): GRAMMAR: the Urdu source question is ungrammatical (kaisa behtari). Suggest drop
q057,جنرل محمد ضیا الحق نے کب پاکستان میں مارشل لا نافذ کیا؟,When did General Muhammad Zia-ul-Haq impose martial law in Pakistan?,Genral Muhammad Zia-ul-Haq ne kab Pakistan mein marshal law naafiz kiya?,General Mohammad Zia-ul-Haq ne kab Pakistan main marshall law nufuz kiya?,Genral Mohammad Zia-ul-Haq nay kab Pakistan mein martial law naafiz kiya?,yes,,,,
q069,3 مارچ 2024ء کو پاکستان کے وزیر اعظم کے انتخاب میں شہباز شریف نے کن جماعتوں کی حمایت سے کامیابی حاصل کی؟,"Which parties supported Shahbaz Sharif's re-election as Prime Minister of Pakistan on March 3, 2024?",3 March 2024 ko Pakistan ke Wazir-e-Azam ke intekhaab mein Shahbaz Sharif ne kin jamaaton ki himayat se kamyabi hasil ki?,3 March 2024 ko Pakistan ke Wazeer-e-Azam ke intikhab mein Shahbaz Sharif ne kin jamaton ki himayat se kamiyabi hasil ki?,3 March 2024 ko Pakistan ke Wazir-e-Azam ke intekhab mein Shahbaz Sharif ne kin jmaaton ki himayat se kamyabi hasil ki?,yes,,,,
q276,ادارہ تحقیقات اردو و فارسی کس شہر میں واقع ہے؟,In which city is the Idara Tahqiqat Urdu wa Farsi located?,Idara Tahqiqat Urdu wa Farsi kis shehar mein waqia hai?,Idara Tehqeeqat Urdu wa Farsi kis shehar main waqia hai?,Idara Tehqiqat Urdu wa Farsi kis sheher mein waqia hai?,yes,,,,
q160,نیر حسین کی کپتانی میں کمبائنڈ سروسز نے دوبارہ فرسٹ کلاس کرکٹ کا آغاز کب کیا؟,When did Combined Services resume first-class cricket under the captaincy of Naeer Hussain?,Naeer Hussain ki captaincy mein Combined Services ne dobara first-class cricket ka aghaaz kab kiya?,Naeer Hussain ki kaptani main Combined Services ne dobara first-class cricket ka aaghaz kab kiya?,Naeer Hussain ki kaptaani mein Combined Services ne dobara first-class cricket ka aghaz kab kiya?,yes,,,,
q026,کوئٹہ ریلوے اسٹیشن کا کوڈ کیا ہے؟,What is the code for Quetta Railway Station?,Quetta railway station ka code kya hai?,Quetta railway station ka code kia hay?,Quetta railway station ka code kyaa he?,yes,,,,
q284,کراچی ڈویژن کی مردم شماری ۲۰۲۳ء کے مطابق اردو/مہاجر افراد کی تعداد کیا ہے؟,"According to the 2023 census, what is the population of Urdu/Muhajir people in Karachi Division?",Karachi Division ki Mardum Shumari 2023 ke mutabiq Urdu/Muhajir afraad ki tadaad kia hai?,Karachi Division ki Mardum Shumari 2023 kay mutabiq Urdu/Muhajir afraad ki tadaad kya hai?,Karachi Division ki Mardum Shumari 2023 ke mutabiq Urdu/Mohajir afraad ki tadaad kia hay?,yes,,,,
q087,بے نظیر بھٹو نے کس پروگرام کی میزبانی کی تھی؟,Which program did Benazir Bhutto host?,Benazir Bhutto ne kis programme ki maizbani ki thi?,Bainazeer Bhutto nay kis program ki mezbaani ki thi?,Bainazeer Bhutto ney kis programme ki mezbani ki thi?,yes,,,,
q259,مصطفے کمال پاشا نے ترکی میں خلافت کے خاتمے اور جمہوریت کے قیام کے لیے کون سا معاہدہ تحریر کیا؟,Which treaty did Mustafa Kemal Pasha write to end the Caliphate and establish democracy in Turkey?,Mustafa Kamal Pasha ne Turkey mein khilafat ke khatme aur jamhooriat ke qayaam ke liye kon sa moahida tehreer kiya?,Mustafa Kemal Pasha ne Turkey mein khilafat ke khatmay aur jamhooriat ke qayaam ke liye kon sa moahida tehreer kiya?,Mustafa Kemal Pasha ne Turkey mein khilafat ke khatme aur jamhooriat ke qayam ke liye kon sa moahida tehreer kia?,yes,,,,
q042,جامعۂ پشاور کے لا کالج کی بنیاد کس سال میں رکھی گئی؟,In which year was the Law College of the University of Peshawar established?,Jami'a Peshawar ke Law College ki buniyad kis saal mein rakhi gayi?,Jami'a Peshawar ke Law College ki bunyad kis saal mein rakhi gayi?,Jami'a Peshawar ke Law College ki buniyad kis saal mein rakhhi gayee?,no,,,Jami'a Peshawar ke Law College ki buniyad kis saal mein rakhi gayee?,AI review (not a native speaker): SPELL: variant 3 rakhhi gayee (fixed)
q205,پاکستان آبادی کے لحاظ سے کس ملک سے آگے اور کس ملک سے پیچھے ہے؟,Which country is Pakistan ahead of and behind in terms of population?,Pakistan abaadi ke lehaaz se kis mulk se agay aur kis mulk se peeche hai?,Pakistan abadi ke lehaz se kis mulk se agay aur kis mulk se peeche he?,Pakistan abaadi ke lehaaz se kis mulk se agay aur kis mulk se peeche hay?,yes,,,,
q214,2021 میں مریم نواز کی کون سی آڈیو کلپ منظر عام پر آئی تھی؟,Which audio clip of Maryam Nawaz surfaced in 2021?,2021 mein Maryam Nawaz ki kon si audio clip manzar-e-aam par aayi thi?,2021 main Maryam Nawaz ki kaun si audio clip manzar-e-aam par ayi thi?,2021 may Maryam Nawaz ki kon si audio clip manzar-e-aam par ai thi?,yes,,,,
q240,عمران خان وزیر اعظم ہاؤس کو کس چیز میں تبدیل کرنے کا ارادہ رکھتے ہیں؟,What does Imran Khan intend to transform the Prime Minister House into?,Imran Khan Wazir-e-Azam House ko kis cheez mein tabdeel karne ka iraada rakhte hain?,Imran Khan Wazeer-e-Azam House ko kis cheez mayn tabdeel karne ka iraada rakhte hain?,Imran Khan Wazir-e-Aazam House ko kis cheez main tabdeel karne ka irada rakhte hain?,yes,,,,
q244,عالم پناہ کا لقب کس مغل بادشاہ کے لئے استعمال ہوتا تھا؟,Which Mughal emperor was referred to by the title 'Alam Panah'?,Alam panah ka laqab kis Mughal badshah ke liye istemal hota tha?,Aalam panah ka laqab kis Mughal baadshah ke liye istemaal hota tha?,Alam panaah ka laqab kis Mughal badshah kay liye istaimal hota tha?,yes,,,,
q196,گلگت بلتستان اسمبلی میں کل کتنی نشستیں ہیں؟,How many total seats are there in the Gilgit-Baltistan Assembly?,Gilgit Baltistan Assembly mein kul kitni nashistain hain?,Gilgit Baltistan Assembly main kul kitni nashistain hain?,Gilgit Baltistan Assembly mein kul kitni nashistain he?,yes,,,,
q277,کتچی کے میدانوں میں مہرجہرہ کے آثار قدیمہ کی کھدائی کس سال کی گئی تھی؟,"In which year was the archaeological excavation in Mehrgarh, located in the fields of Kachi, conducted?",Katchi ke maidanon mein Mehrgarh ke aasaar e qadeemah ki khudai kis saal ki gayi thi?,Kachhi ke maidanon mein Mehrgarh ke aasaar e qadeema ki khudai kis saal ki gayi thi?,Katchi ke maidanon mein Mehrgarh ke aasaar e qadeemah ki khudai kis saal ki gai thi?,yes,,,,
